id,geo_point_2d,code_com,xlong,ylat,capacite,capacite_cargo,mobilier,protection,couverture,acces,surveillance,lumiere,url_info,d_service,source,proprietaire,gestionnaire,date_maj,commentaires,nom_local,commune_local,adresse_local,type,code,epci,lon,lat
1,"45.20211490483794,5.735491755164916",38516.0,5.735491755164916,45.20211490483794,5,0,RATELIER AVEC ARCEAU,CONSIGNE COLLECTIVE FERMEE,True,PAYANT,False,True,https://www.veloplus-m.fr/,2021-03-15,SMMAG,SMMAG,Mvélo+,2021-05-18,minibox,CHARPENNAY 2,LA TRONCHE,Quai Charpennay,stationnementcyclable,0,LaMetro,5.73549,45.20211
2,"45.152786,5.719049",38151.0,5.719049,45.152786,70,0,RACK DOUBLE ETAGE,CONSIGNE COLLECTIVE FERMEE,True,PAYANT,True,True,https://www.veloplus-m.fr/,2015-01-01,SMMAG,SMMAG,Mvélo+,2021-05-18,mobilier,GARE ECHIROLLES,ECHIROLLES,,stationnementcyclable,1,LaMetro,5.71905,45.15279
3,"45.2021837442768,5.735632849848395",38516.0,5.735632849848395,45.2021837442768,5,0,RATELIER AVEC ARCEAU,CONSIGNE COLLECTIVE FERMEE,True,PAYANT,False,True,https://www.veloplus-m.fr/,2021-03-15,SMMAG,SMMAG,Mvélo+,2021-05-18,minibox,CHARPENNAY 1,LA TRONCHE,Quai Eugène Charpennay,stationnementcyclable,2,LaMetro,5.73563,45.20218
4,"45.18939478108618,5.734100307170421",38185.0,5.734100307170421,45.18939478108618,5,0,RATELIER AVEC ARCEAU,CONSIGNE COLLECTIVE FERMEE,True,PAYANT,False,True,https://www.veloplus-m.fr/,2021-03-15,SMMAG,SMMAG,Mvélo+,2021-05-18,minibox,VILLARS-HEBERT,GRENOBLE,3b rue Dominique Villars,stationnementcyclable,3,LaMetro,5.7341,45.18939
5,"45.18854151429166,5.734765597708225",38185.0,5.734765597708225,45.18854151429166,5,0,RATELIER AVEC ARCEAU,CONSIGNE COLLECTIVE FERMEE,True,PAYANT,False,True,https://www.veloplus-m.fr/,2021-03-15,SMMAG,SMMAG,Mvélo+,2021-05-18,minibox,VILLARS-FAURE,GRENOBLE,9 rue Dominque Villars,stationnementcyclable,4,LaMetro,5.73477,45.18854
6,"45.191689,5.714446",38185.0,5.714446,45.191689,101,0,RACK DOUBLE ETAGE,CONSIGNE COLLECTIVE FERMEE,True,PAYANT,True,True,https://www.veloplus-m.fr/,2015-01-01,SMMAG,SMMAG,Mvélo+,2021-05-18,batiment,BELLEDONNE,GRENOBLE,sous-sol gare,stationnementcyclable,5,LaMetro,5.71445,45.19169
7,"45.1987205458914,5.750121361405969",38516.0,5.750121361405969,45.1987205458914,35,0,RACK DOUBLE ETAGE,CONSIGNE COLLECTIVE FERMEE,True,PAYANT,True,True,https://www.veloplus-m.fr/,2015-01-01,SMMAG,SMMAG,Mvélo+,2021-05-18,batiment,GRAND SABLON P+R,LA TRONCHE,4 avenue de l'Obiou,stationnementcyclable,6,LaMetro,5.75012,45.19872
8,"45.118527,5.692959",38111.0,5.692959,45.118527,6,0,CASIER INDIVIDUEL,BOX INDIVIDUEL,True,PAYANT,False,True,https://www.veloplus-m.fr/,2009-01-01,SMMAG,SMMAG,Mvélo+,2021-05-18,box,PONT ROUGE,CLAIX,23B av de la Liberation,stationnementcyclable,7,LaMetro,5.69296,45.11853
9,"45.201588,5.838257",38150.0,5.838257,45.201588,10,0,CASIER INDIVIDUEL,BOX INDIVIDUEL,True,PAYANT,False,True,https://www.veloplus-m.fr/,2009-01-01,SMMAG,SMMAG,Mvélo+,2021-05-18,box,DOMENE MAIRIE,DOMENE,1 avenue de la gareDomène,stationnementcyclable,8,LaMetro,5.83826,45.20159
10,"45.147052,5.754631",38158.0,5.754631,45.147052,6,0,CASIER INDIVIDUEL,BOX INDIVIDUEL,True,PAYANT,False,True,https://www.veloplus-m.fr/,2009-01-01,SMMAG,SMMAG,Mvélo+,2021-05-18,box,VERDERET P+R,EYBENS,27 Av de la République terminus C4,stationnementcyclable,9,LaMetro,5.75463,45.14705
11,"45.153353,5.748596",38158.0,5.748596,45.153353,6,0,CASIER INDIVIDUEL,BOX INDIVIDUEL,True,PAYANT,False,True,https://www.veloplus-m.fr/,2009-01-01,SMMAG,SMMAG,Mvélo+,2021-05-18,box,ODYSSEE,EYBENS,87-91 Av Jean Jaurés arret C4,stationnementcyclable,10,LaMetro,5.7486,45.15335
12,"45.206848680288886,5.827422424524326",38485.0,5.827422424524326,45.206848680288886,10,0,CASIER INDIVIDUEL,BOX INDIVIDUEL,True,PAYANT,False,True,https://www.veloplus-m.fr/,2009-01-01,SMMAG,SMMAG,Mvélo+,2021-05-18,box,CHENEVIERES,DOMENE,Rue Aristide Bergès - arrêt Chenevières,stationnementcyclable,11,LaMetro,5.82742,45.20685
13,"45.147326527575274,5.755323859526279",38158.0,5.755323859526279,45.14732652757528,10,0,CASIER INDIVIDUEL,BOX INDIVIDUEL,True,PAYANT,False,True,https://www.veloplus-m.fr/,2009-01-01,SMMAG,SMMAG,Mvélo+,2021-05-18,box,VELODROME,EYBENS,Avenue des maquis de l'Oisans - pk Velodrome,stationnementcyclable,12,LaMetro,5.75532,45.14733
14,"45.258877,5.908987",38175.0,5.908987,45.258877,5,0,RATELIER AVEC ARCEAU,CONSIGNE COLLECTIVE FERMEE,True,PAYANT,False,True,https://www.veloplus-m.fr/,2020-01-01,SMMAG,SMMAG,Mvélo+,2021-05-18,minibox,JEAN MOULIN,FROGES,,stationnementcyclable,13,LeGresivaudan,5.90899,45.25888
15,"45.26448,5.878298",38039.0,5.878298,45.26448,5,0,RATELIER AVEC ARCEAU,CONSIGNE COLLECTIVE FERMEE,True,PAYANT,False,True,https://www.veloplus-m.fr/,2020-01-01,SMMAG,SMMAG,Mvélo+,2021-05-18,minibox,CLOYERES,BERNIN,Parking des Cloyères,stationnementcyclable,14,LeGresivaudan,5.8783,45.26448
16,"45.302397,5.907408",38214.0,5.907408,45.302397,5,0,RATELIER AVEC ARCEAU,CONSIGNE COLLECTIVE FERMEE,True,PAYANT,False,True,https://www.veloplus-m.fr/,2020-01-01,SMMAG,SMMAG,Mvélo+,2021-05-18,minibox,LONGS PRES,LUMBIN,,stationnementcyclable,15,LeGresivaudan,5.90741,45.3024
17,"45.182431491843744,5.731497239417079",38185.0,5.731497239417079,45.182431491843744,5,0,RATELIER AVEC ARCEAU,CONSIGNE COLLECTIVE FERMEE,True,PAYANT,False,True,https://www.veloplus-m.fr/,2021-03-15,SMMAG,SMMAG,Mvélo+,2021-05-18,minibox,CHAMPON,GRENOBLE,10 avenue Général Champon,stationnementcyclable,16,LaMetro,5.7315,45.18243
18,"45.1964058622073,5.73112073372301",38185.0,5.73112073372301,45.1964058622073,5,0,RATELIER AVEC ARCEAU,CONSIGNE COLLECTIVE FERMEE,True,PAYANT,False,True,https://www.veloplus-m.fr/,2021-03-15,SMMAG,SMMAG,Mvélo+,2021-05-18,minibox,CHEVALIER-JOUVIN,GRENOBLE,1 rue André Chevalier,stationnementcyclable,17,LaMetro,5.73112,45.19641
19,"45.1950122869931,5.719147962339107",38185.0,5.719147962339107,45.1950122869931,5,0,RATELIER AVEC ARCEAU,CONSIGNE COLLECTIVE FERMEE,True,PAYANT,False,True,https://www.veloplus-m.fr/,2021-03-15,SMMAG,SMMAG,Mvélo+,2021-05-18,minibox,LYON,GRENOBLE,22-24 route de Lyon,stationnementcyclable,18,LaMetro,5.71915,45.19501
20,"45.190567310040215,5.722910652887715",38185.0,5.722910652887715,45.190567310040215,5,0,RATELIER AVEC ARCEAU,CONSIGNE COLLECTIVE FERMEE,True,PAYANT,False,True,https://www.veloplus-m.fr/,2021-03-15,SMMAG,SMMAG,Mvélo+,2021-05-18,minibox,AUGIER,GRENOBLE,6 rue Augier,stationnementcyclable,19,LaMetro,5.72291,45.19057
21,"45.184820765126545,5.750746509634934",38421.0,5.750746509634934,45.18482076512655,5,0,RATELIER AVEC ARCEAU,CONSIGNE COLLECTIVE FERMEE,True,PAYANT,False,True,https://www.veloplus-m.fr/,2021-03-15,SMMAG,SMMAG,Mvélo+,2021-05-18,minibox,CROIZAT,SAINT-MARTIN-D'HERES,81 avenue Ambroise Croizat,stationnementcyclable,20,LaMetro,5.75075,45.18482
22,"45.20562268786962,5.758016888919268",38229.0,5.758016888919268,45.20562268786962,5,0,RATELIER AVEC ARCEAU,CONSIGNE COLLECTIVE FERMEE,True,PAYANT,False,True,https://www.veloplus-m.fr/,2021-03-15,SMMAG,SMMAG,Mvélo+,2021-05-18,minibox,PLAINE FLEURIE,MEYLAN,20 avenue de la Plaine Fleurie,stationnementcyclable,21,LaMetro,5.75802,45.20562
23,"45.185037,5.785302",38179.0,5.785302,45.185037,70,0,RACK DOUBLE ETAGE,CONSIGNE COLLECTIVE FERMEE,True,PAYANT,True,True,https://www.veloplus-m.fr/,2015-01-01,SMMAG,SMMAG,Mvélo+,2021-05-18,mobilier,GIERES 1 - GARE,GIERES,Rue de la gare,stationnementcyclable,22,LaMetro,5.7853,45.18504
24,"45.18574140361437,5.784900711190701",38179.0,5.784900711190701,45.18574140361437,106,0,RACK DOUBLE ETAGE,CONSIGNE COLLECTIVE FERMEE,True,PAYANT,True,True,https://www.veloplus-m.fr/,2015-01-01,SMMAG,SMMAG,Mvélo+,2021-05-18,batiment,GIERES 2 - TRAM,GIERES,5 rue du Grand Mas,stationnementcyclable,23,LaMetro,5.7849,45.18574
25,"45.185503808663924,5.785186604293254",38179.0,5.785186604293254,45.18550380866392,6,0,CASIER INDIVIDUEL,BOX INDIVIDUEL,True,PAYANT,False,True,https://www.veloplus-m.fr/,2009-01-01,SMMAG,SMMAG,Mvélo+,2021-05-18,box,GIERES GARE,GIERES,Passage de la Gare,stationnementcyclable,24,LaMetro,5.78519,45.1855
26,"45.197364,5.671719",38169.0,5.671719,45.197364,6,0,CASIER INDIVIDUEL,BOX INDIVIDUEL,True,PAYANT,False,True,https://www.veloplus-m.fr/,2009-01-01,SMMAG,SMMAG,Mvélo+,2021-05-18,box,LA POYA,FONTAINE,143 boulevard Paul Langevin,stationnementcyclable,25,LaMetro,5.67172,45.19736
27,"45.191258,5.687994",38169.0,5.687994,45.191258,6,0,CASIER INDIVIDUEL,BOX INDIVIDUEL,True,PAYANT,False,True,https://www.veloplus-m.fr/,2009-01-01,SMMAG,SMMAG,Mvélo+,2021-05-18,box,LA SOURCE,FONTAINE,89 mail Marcel Cardin,stationnementcyclable,26,LaMetro,5.68799,45.19126
28,"45.187935,5.783964",38179.0,5.783964,45.187935,6,0,CASIER INDIVIDUEL,BOX INDIVIDUEL,True,PAYANT,False,True,https://www.veloplus-m.fr/,2009-01-01,SMMAG,SMMAG,Mvélo+,2021-05-18,box,PLAINE DES SPORTS,GIERES,1 rue des Glairons,stationnementcyclable,27,LaMetro,5.78396,45.18794
29,"45.17830555555548,5.783138888888888",38179.0,5.783138888888888,45.17830555555548,5,0,RATELIER AVEC ARCEAU,CONSIGNE COLLECTIVE FERMEE,True,PAYANT,False,True,https://www.veloplus-m.fr/,2020-11-15,SMMAG,SMMAG,Mvélo+,2021-05-18,minibox,REPOS,GIERES,30-32 rue du Repos,stationnementcyclable,28,LaMetro,5.78314,45.17831
30,"45.19234,5.714108",38185.0,5.714108,45.19234,552,0,RACK DOUBLE ETAGE,CONSIGNE COLLECTIVE FERMEE,True,PAYANT,True,True,https://www.veloplus-m.fr/,2015-01-01,SMMAG,SMMAG,Mvélo+,2021-05-18,batiment,SILO EST,GRENOBLE,1 place de la Gare,stationnementcyclable,29,LaMetro,5.71411,45.19234
31,"45.180505,5.704903",38185.0,5.704903,45.180505,30,0,RACK DOUBLE ETAGE,CONSIGNE COLLECTIVE FERMEE,True,PAYANT,True,True,https://www.veloplus-m.fr/,2015-01-01,SMMAG,SMMAG,Mvélo+,2021-05-18,batiment,CATANE P+R,GRENOBLE,Rue Ampère,stationnementcyclable,30,LaMetro,5.7049,45.1805
32,"45.201752322825826,5.74061068874325",38516.0,5.74061068874325,45.20175232282583,10,0,CASIER INDIVIDUEL,BOX INDIVIDUEL,True,PAYANT,False,True,https://www.veloplus-m.fr/,2009-01-01,SMMAG,SMMAG,Mvélo+,2021-05-18,box,HOPITAL LA TRONCHE,LA TRONCHE,Quai Yermoloff,stationnementcyclable,31,LaMetro,5.74061,45.20175
33,"45.191663,5.713599",38185.0,5.713599,45.191663,596,0,RACK DOUBLE ETAGE,CONSIGNE COLLECTIVE FERMEE,True,PAYANT,True,True,https://www.veloplus-m.fr/,2015-01-01,SMMAG,SMMAG,Mvélo+,2021-05-18,batiment,SILO OUEST,GRENOBLE,Rue de la Frise,stationnementcyclable,32,LaMetro,5.7136,45.19166
34,"45.194908,5.710925",38185.0,5.710925,45.194908,6,0,CASIER INDIVIDUEL,BOX INDIVIDUEL,True,PAYANT,False,True,https://www.veloplus-m.fr/,2009-01-01,SMMAG,SMMAG,Mvélo+,2021-05-18,box,CITE INTERNATIONALE,GRENOBLE,90 rue Félix Esclangon,stationnementcyclable,33,LaMetro,5.71092,45.19491
35,"45.156786,5.734161",38185.0,5.734161,45.156786,6,0,CASIER INDIVIDUEL,BOX INDIVIDUEL,True,PAYANT,False,True,https://www.veloplus-m.fr/,2009-01-01,SMMAG,SMMAG,Mvélo+,2021-05-18,box,ALPEXPO,GRENOBLE,21 rue Henri Barbusse,stationnementcyclable,34,LaMetro,5.73416,45.15679
36,"45.201414,5.734032",38185.0,5.734032,45.201414,10,0,CASIER INDIVIDUEL,BOX INDIVIDUEL,True,PAYANT,False,True,https://www.veloplus-m.fr/,2009-01-01,SMMAG,SMMAG,Mvélo+,2021-05-18,box,PETITE TRONCHE,GRENOBLE,Quai Yermoloff,stationnementcyclable,35,LaMetro,5.73403,45.20141
37,"45.179976,5.713261",38185.0,5.713261,45.179976,5,0,CASIER INDIVIDUEL,BOX INDIVIDUEL,True,PAYANT,False,True,https://www.veloplus-m.fr/,2022-05-20,SMMAG,SMMAG,Mvélo+,2022-05-20,box,PALLUEL,LE FONTANIL,15 Boulevard Joseph VallierGrenoble,stationnementcyclable,36,LaMetro,5.66165,45.25455
46,"45.198826,5.717509",38185.0,5.717509,45.198826,30,0,RACK DOUBLE ETAGE,CONSIGNE COLLECTIVE FERMEE,True,PAYANT,True,True,https://www.veloplus-m.fr/,2015-01-01,SMMAG,SMMAG,Mvélo+,2021-05-18,mobilier,ESPLANADE P+R,GRENOBLE,Route de Lyon,stationnementcyclable,37,LaMetro,5.71751,45.19883
47,"45.19086751652526,5.719451666817036",38185.0,5.719451666817036,45.19086751652526,5,0,RATELIER AVEC ARCEAU,CONSIGNE COLLECTIVE FERMEE,True,PAYANT,False,True,https://www.veloplus-m.fr/,2019-01-01,SMMAG,SMMAG,Mvélo+,2021-05-18,minibox,FELIX VIALLET,GRENOBLE,27 avenue Félix Viallet,stationnementcyclable,38,LaMetro,5.71945,45.19087
48,"45.18893521033769,5.719505215533482",38185.0,5.719505215533482,45.18893521033769,5,0,RATELIER AVEC ARCEAU,CONSIGNE COLLECTIVE FERMEE,True,PAYANT,False,True,https://www.veloplus-m.fr/,2020-11-15,SMMAG,SMMAG,Mvélo+,2021-05-18,minibox,JEAN JAURES,GRENOBLE,79 cours Jean Jaurès,stationnementcyclable,39,LaMetro,5.71951,45.18894
49,"45.177206980257665,5.742506074892749",38185.0,5.742506074892749,45.17720698025767,5,0,RATELIER AVEC ARCEAU,CONSIGNE COLLECTIVE FERMEE,True,PAYANT,False,True,https://www.veloplus-m.fr/,2019-01-01,SMMAG,SMMAG,Mvélo+,2021-05-18,minibox,JEAN BART,GRENOBLE,29 rue Jean Bart,stationnementcyclable,40,LaMetro,5.74251,45.17721
50,"45.18920555555547,5.705736111111111",38185.0,5.705736111111111,45.18920555555547,5,0,RATELIER AVEC ARCEAU,CONSIGNE COLLECTIVE FERMEE,True,PAYANT,False,True,https://www.veloplus-m.fr/,2021-03-15,SMMAG,SMMAG,Mvélo+,2021-05-18,minibox,BERRIAT MAGASIN,GRENOBLE,6 Rue Diderot,stationnementcyclable,41,LaMetro,5.70574,45.18921
51,"45.171744444444364,5.743088888888888",38185.0,5.743088888888888,45.17174444444437,5,0,RATELIER AVEC ARCEAU,CONSIGNE COLLECTIVE FERMEE,True,PAYANT,False,True,https://www.veloplus-m.fr/,2020-11-15,SMMAG,SMMAG,Mvélo+,2021-05-18,minibox,PAUL COCAT,GRENOBLE,12 Avenue Paul Cocat,stationnementcyclable,42,LaMetro,5.74309,45.17174
52,"45.178222222222146,5.715972222222222",38185.0,5.715972222222222,45.17822222222215,5,0,RATELIER AVEC ARCEAU,CONSIGNE COLLECTIVE FERMEE,True,PAYANT,False,True,https://www.veloplus-m.fr/,2020-11-15,SMMAG,SMMAG,Mvélo+,2021-05-18,minibox,LIBERATION,GRENOBLE,27-15 cours de la Libération,stationnementcyclable,43,LaMetro,5.71597,45.17822
53,"45.18245555555548,5.726652777777777",38185.0,5.726652777777777,45.18245555555548,5,0,RATELIER AVEC ARCEAU,CONSIGNE COLLECTIVE FERMEE,True,PAYANT,False,True,https://www.veloplus-m.fr/,2020-11-15,SMMAG,SMMAG,Mvélo+,2021-05-18,minibox,ANDRE MAGINOT,GRENOBLE,4 Rue André Maginot,stationnementcyclable,44,LaMetro,5.72665,45.18246
54,"45.17830555555548,5.783138888888888",38179.0,5.783138888888888,45.17830555555548,5,0,RATELIER AVEC ARCEAU,CONSIGNE COLLECTIVE FERMEE,True,PAYANT,False,True,https://www.veloplus-m.fr/,2020-11-15,SMMAG,SMMAG,Mvélo+,2021-05-18,minibox,THIERS,GRENOBLE,26 rue Thiers,stationnementcyclable,45,LaMetro,5.78314,45.17831
55,"45.142253,5.715447",38151.0,5.715447,45.142253,6,0,CASIER INDIVIDUEL,BOX INDIVIDUEL,True,PAYANT,False,True,https://www.veloplus-m.fr/,2009-01-01,SMMAG,SMMAG,Mvélo+,2021-05-18,box,AUGUSTE DELAUNE,GRENOBLE,90 av du Général de Gaulle,stationnementcyclable,46,LaMetro,5.71545,45.14225
56,"45.191858,5.743867",38516.0,5.743867,45.191858,10,0,CASIER INDIVIDUEL,BOX INDIVIDUEL,True,PAYANT,False,True,https://www.veloplus-m.fr/,2009-01-01,SMMAG,SMMAG,Mvélo+,2021-05-18,box,GRAND SABLON,LA TRONCHE,21 avenue du Grand Sablon,stationnementcyclable,47,LaMetro,5.74387,45.19186
57,"45.196517,5.752839",38516.0,5.752839,45.196517,6,0,CASIER INDIVIDUEL,BOX INDIVIDUEL,True,PAYANT,False,True,https://www.veloplus-m.fr/,2009-01-01,SMMAG,SMMAG,Mvélo+,2021-05-18,box,SABLON,LA TRONCHE,Avenue de Verdun,stationnementcyclable,48,LaMetro,5.75284,45.19652
58,"45.211499,5.791479",38229.0,5.791479,45.211499,6,0,CASIER INDIVIDUEL,BOX INDIVIDUEL,True,PAYANT,False,True,https://www.veloplus-m.fr/,2009-01-01,SMMAG,SMMAG,Mvélo+,2021-05-18,box,BEALIERES,MEYLAN,Avenue du Granier arret bus C1 Les Béalieres,stationnementcyclable,49,LaMetro,5.79148,45.2115
59,"45.205384,5.764561",38229.0,5.764561,45.205384,6,0,CASIER INDIVIDUEL,BOX INDIVIDUEL,True,PAYANT,False,True,https://www.veloplus-m.fr/,2009-01-01,SMMAG,SMMAG,Mvélo+,2021-05-18,box,AIGUINARDS,MEYLAN,80 rue des Aiguinards,stationnementcyclable,50,LaMetro,5.76456,45.20538
60,"45.191644,5.816456",38271.0,5.816456,45.191644,6,0,CASIER INDIVIDUEL,BOX INDIVIDUEL,True,PAYANT,False,True,https://www.veloplus-m.fr/,2009-01-01,SMMAG,SMMAG,Mvélo+,2021-05-18,box,MURINANETTE,MURIANETTE,85 rue de la Libération,stationnementcyclable,51,LaMetro,5.81646,45.19164
61,"45.35768,5.955012",38511.0,5.955012,45.35768,5,0,RATELIER AVEC ARCEAU,CONSIGNE COLLECTIVE FERMEE,True,PAYANT,False,True,https://www.veloplus-m.fr/,2020-01-01,SMMAG,SMMAG,Mvélo+,2021-05-18,minibox,GRANDES TERRES,LE TOUVET,,stationnementcyclable,52,LeGresivaudan,5.95501,45.35768
62,"45.137757422284125,5.703526842986168",38317.0,5.703526842986168,45.137757422284125,96,0,RACK DOUBLE ETAGE,CONSIGNE COLLECTIVE FERMEE,True,PAYANT,True,True,https://www.veloplus-m.fr/,2015-01-01,SMMAG,SMMAG,Mvélo+,2021-05-18,mobilier,ETOILE,LE PONT-DE-CLAIX,Avenue Charles de Gaulle,stationnementcyclable,53,LaMetro,5.70353,45.13776
63,"45.22424581311944,5.819255074659242",38249.0,5.819255074659242,45.22424581311944,20,0,RACK DOUBLE ETAGE,CONSIGNE COLLECTIVE FERMEE,True,PAYANT,True,True,https://www.veloplus-m.fr/,2015-01-01,SMMAG,SMMAG,Mvélo+,2021-05-18,mobilier,PRE DE L'EAU P+R,MONTBONNOT-SAINT-MAR,Chemin du Moulin,stationnementcyclable,54,LeGresivaudan,5.81926,45.22425
64,"45.22393326138526,5.819913064550483",38249.0,5.819913064550483,45.22393326138526,20,0,RACK DOUBLE ETAGE,CONSIGNE COLLECTIVE FERMEE,True,PAYANT,True,True,https://www.veloplus-m.fr/,2015-01-01,SMMAG,SMMAG,Mvélo+,2021-05-18,mobilier,PRE DE L'EAU TERMINUS BUS,MONTBONNOT-SAINT-MAR,Route de la Doux,stationnementcyclable,55,LeGresivaudan,5.81991,45.22393
65,"45.231718,5.684019",38382.0,5.684019,45.231718,6,0,CASIER INDIVIDUEL,BOX INDIVIDUEL,True,PAYANT,False,True,https://www.veloplus-m.fr/,2009-01-01,SMMAG,SMMAG,Mvélo+,2021-05-18,box,PONT DE VENCE,SAINT-EGREVE,9 avenue de la Monta,stationnementcyclable,56,LaMetro,5.68402,45.23172
66,"45.237049,5.660706",38382.0,5.660706,45.237049,10,0,CASIER INDIVIDUEL,BOX INDIVIDUEL,True,PAYANT,False,True,https://www.veloplus-m.fr/,2009-01-01,SMMAG,SMMAG,Mvélo+,2021-05-18,box,SAN MARINO BARRAGE,SAINT-EGREVE,chemin des Acacias,stationnementcyclable,57,LaMetro,5.66071,45.23705
67,"45.433911,6.007822",38314.0,6.007822,45.433911,5,0,RATELIER AVEC ARCEAU,CONSIGNE COLLECTIVE FERMEE,True,PAYANT,False,True,https://www.veloplus-m.fr/,2020-01-01,SMMAG,SMMAG,Mvélo+,2021-05-18,minibox,GARE,PONTCHARRA,,stationnementcyclable,58,LeGresivaudan,6.00782,45.43391
68,"45.18541287831288,5.753981045043099",38421.0,5.753981045043099,45.18541287831288,5,0,RATELIER AVEC ARCEAU,CONSIGNE COLLECTIVE FERMEE,True,PAYANT,False,True,https://www.veloplus-m.fr/,2019-01-01,SMMAG,SMMAG,Mvélo+,2021-05-18,minibox,ALFRED KASTLER,SAINT-MARTIN-D'HERES,14 rue Alfred Kastler,stationnementcyclable,59,LaMetro,5.75398,45.18541
69,"45.171872,5.757608",38421.0,5.757608,45.171872,6,0,CASIER INDIVIDUEL,BOX INDIVIDUEL,True,PAYANT,False,True,https://www.veloplus-m.fr/,2009-01-01,SMMAG,SMMAG,Mvélo+,2021-05-18,box,ETIENNE GRAPPE,SAINT-MARTIN-D'HERES,40 avenue de Potié,stationnementcyclable,60,LaMetro,5.75761,45.17187
70,"45.186411,5.757254",38421.0,5.757254,45.186411,6,0,CASIER INDIVIDUEL,BOX INDIVIDUEL,True,PAYANT,False,True,https://www.veloplus-m.fr/,2009-01-01,SMMAG,SMMAG,Mvélo+,2021-05-18,box,NEYRPIC BELLEDONNE,SAINT-MARTIN-D'HERES,52 avenue Gabriel Péri,stationnementcyclable,61,LaMetro,5.75725,45.18641
71,"45.213582,5.661105",38474.0,5.661105,45.213582,100,0,RACK DOUBLE ETAGE,CONSIGNE COLLECTIVE FERMEE,True,PAYANT,True,True,https://www.veloplus-m.fr/,2015-01-01,SMMAG,SMMAG,Mvélo+,2021-05-18,mobilier,JEAN PREVOST,SASSENAGE,Place Jean Prévost,stationnementcyclable,62,LaMetro,5.66111,45.21358
72,"45.179681,5.695789",38485.0,5.695789,45.179681,10,0,CASIER INDIVIDUEL,BOX INDIVIDUEL,True,PAYANT,False,True,https://www.veloplus-m.fr/,2009-01-01,SMMAG,SMMAG,Mvélo+,2021-05-18,box,SEYSSINET P+R,Seyssinet-Pariset,11 rue Lamartine,stationnementcyclable,63,LaMetro,5.69579,45.17968
73,"45.256417,5.847328",38431.0,5.847328,45.256417,5,0,RATELIER AVEC ARCEAU,CONSIGNE COLLECTIVE FERMEE,True,PAYANT,False,True,https://www.veloplus-m.fr/,2020-01-01,SMMAG,SMMAG,Mvélo+,2021-05-18,minibox,ROUTE DE CHAMBERY,SAINT-NAZAIRE-LES-EY,Route de Chambéry,stationnementcyclable,64,LeGresivaudan,5.84733,45.25642
74,"45.180069,5.695703",38485.0,5.695703,45.180069,10,0,CASIER INDIVIDUEL,BOX INDIVIDUEL,True,PAYANT,False,True,https://www.veloplus-m.fr/,2009-01-01,SMMAG,SMMAG,Mvélo+,2021-05-18,box,HOTEL DE VILLE,SEYSSINET-PARISET,Boulevard de l'Europe,stationnementcyclable,65,LaMetro,5.6957,45.18007
75,"45.175763,5.687702",38485.0,5.687702,45.175763,10,0,CASIER INDIVIDUEL,BOX INDIVIDUEL,True,PAYANT,False,True,https://www.veloplus-m.fr/,2009-01-01,SMMAG,SMMAG,Mvélo+,2021-05-18,box,PIERRE DE COUBERTIN,SEYSSINET-PARISET,Avenue Pierre de Coubertin,stationnementcyclable,66,LaMetro,5.6877,45.17576
76,"45.1800277777777,5.6955",38485.0,5.6955,45.1800277777777,5,0,RATELIER AVEC ARCEAU,CONSIGNE COLLECTIVE FERMEE,True,PAYANT,False,True,https://www.veloplus-m.fr/,2020-07-15,SMMAG,SMMAG,Mvélo+,2021-05-18,minibox,VEIL,SEYSSINET-PARISET,Rue Simone Veil,stationnementcyclable,67,LaMetro,5.6955,45.18003
77,"45.166353082488044,5.690227266731115",38486.0,5.690227266731115,45.16635308248805,5,0,RATELIER AVEC ARCEAU,CONSIGNE COLLECTIVE FERMEE,True,PAYANT,False,True,https://www.veloplus-m.fr/,2019-01-01,SMMAG,SMMAG,Mvélo+,2021-05-18,minibox,LE PRISME,SEYSSINS,79 avenue de Grenoble,stationnementcyclable,68,LaMetro,5.69023,45.16635
78,"45.166194,5.691012",38486.0,5.691012,45.166194,10,0,CASIER INDIVIDUEL,BOX INDIVIDUEL,True,PAYANT,False,True,https://www.veloplus-m.fr/,2009-01-01,SMMAG,SMMAG,Mvélo+,2021-05-18,box,LE PRISME 1,SEYSSINS,79 avenue de Grenoble,stationnementcyclable,69,LaMetro,5.69101,45.16619
79,"45.16600600343943,5.691066829772878",38158.0,5.691066829772878,45.16600600343943,10,0,CASIER INDIVIDUEL,BOX INDIVIDUEL,True,PAYANT,False,True,https://www.veloplus-m.fr/,2009-01-01,SMMAG,SMMAG,Mvélo+,2021-05-18,box,LE PRISME 2,SEYSSINS,79 avenue de Grenoble,stationnementcyclable,70,LaMetro,5.69107,45.16601
80,"45.17636102302693,5.687252975700789",38485.0,5.687252975700789,45.17636102302693,10,0,CASIER INDIVIDUEL,BOX INDIVIDUEL,True,PAYANT,False,True,https://www.veloplus-m.fr/,2009-01-01,SMMAG,SMMAG,Mvélo+,2021-05-18,box,CHRONODRIVE,Seyssinet-Pariset,Avenue Vercors / Grl de gaulle,stationnementcyclable,71,LaMetro,5.68725,45.17636
81,"45.269545063351934,5.617961245794961",38540.0,5.617961245794961,45.269545063351934,10,0,CASIER INDIVIDUEL,BOX INDIVIDUEL,True,PAYANT,False,True,https://www.veloplus-m.fr/,2009-01-01,SMMAG,SMMAG,Mvélo+,2021-05-18,box,VEUREY,VEUREY-VOROIZE,1 rue des Jayères,stationnementcyclable,72,LaMetro,5.61796,45.26955
82,"45.304094,5.953182",38501.0,5.953182,45.304094,5,0,RATELIER AVEC ARCEAU,CONSIGNE COLLECTIVE FERMEE,True,PAYANT,False,True,https://www.veloplus-m.fr/,2020-01-01,SMMAG,SMMAG,Mvélo+,2021-05-18,minibox,PRE SEC,TENCIN,Allée Pré Sec,stationnementcyclable,73,LeGresivaudan,5.95318,45.30409
83,"45.284931,5.935417",38070.0,5.935417,45.284931,5,0,RATELIER AVEC ARCEAU,CONSIGNE COLLECTIVE FERMEE,True,PAYANT,False,True,https://www.veloplus-m.fr/,2020-01-01,SMMAG,SMMAG,Mvélo+,2021-05-18,minibox,CHAMPALUD,LE CHAMP-PRE-FROGES,,stationnementcyclable,74,LeGresivaudan,5.93542,45.28493
89,"45.16892440544386,5.71206972623659",38185.0,5.71206972623659,45.16892440544386,10,0,CASIER INDIVIDUEL,BOX INDIVIDUEL,True,PAYANT,False,True,https://www.veloplus-m.fr/,2009-01-01,SMMAG,SMMAG,Mvélo+,2021-05-18,box,LOUISE MICHEL,GRENOBLE,3 Rue Louise Michel,stationnementcyclable,75,LaMetro,5.71207,45.16892
90,"45.30039574624809,5.9960361855592",38504.0,5.9960361855592,45.30039574624809,5,0,RATELIER AVEC ARCEAUX,CONSIGNE COLLECTIVE FERMEE,True,PAYANT,False,True,https://www.veloplus-m.fr/,2021-05-18,SMMAG,SMMAG,Mvélo+,2021-06-14,minibox,MERDARET,THEYS,Pont Berard,stationnementcyclable,76,LeGresivaudan,5.99604,45.3004
91,"45.371767280363834,6.051849544327417",38439.0,6.051849544327417,45.37176728036384,5,0,RATELIER AVEC ARCEAUX,CONSIGNE COLLECTIVE FERMEE,True,PAYANT,False,True,https://www.veloplus-m.fr/,2021-05-18,SMMAG,SMMAG,Mvélo+,2021-06-14,minibox,CRETS,CRETS-EN-BELLEDONNE,Route d'Allevard,stationnementcyclable,77,LeGresivaudan,6.05185,45.37177
92,"45.233586241344106,5.808978852758637",38045.0,5.808978852758637,45.233586241344106,5,0,RATELIER AVEC ARCEAUX,CONSIGNE COLLECTIVE FERMEE,True,PAYANT,False,True,https://www.veloplus-m.fr/,2021-05-18,SMMAG,SMMAG,Mvélo+,2021-06-14,minibox,CLAVERINS,BIVIERS,Rue de Gal de Gaulle,stationnementcyclable,78,LeGresivaudan,5.80898,45.23359
93,"45.22072716568881,5.659998906097342",38474.0,5.659998906097342,45.22072716568881,5,0,RATELIER AVEC ARCEAUX,CONSIGNE COLLECTIVE FERMEE,True,PAYANT,False,True,https://www.veloplus-m.fr/,2022-03-01,SMMAG,SMMAG,Mvélo+,2022-03-01,minibox,ENGENIERES,SASSENAGE,Avenue de Valence,stationnementcyclable,79,LaMetro,5.66,45.22073
94,"45.393571940252464,6.071601007762681",38006.0,6.071601007762681,45.393571940252464,5,0,RATELIER AVEC ARCEAUX,CONSIGNE COLLECTIVE FERMEE,True,PAYANT,False,True,https://www.veloplus-m.fr/,2021-05-18,SMMAG,SMMAG,Mvélo+,2021-06-14,minibox,JULES FERRY,ALLEVARD,Boulevard Jules Ferry,stationnementcyclable,80,LeGresivaudan,6.0716,45.39357
95,"45.28440987454651,5.883104783675948",38140.0,5.883104783675948,45.28440987454651,5,0,RATELIER AVEC ARCEAUX,CONSIGNE COLLECTIVE FERMEE,True,PAYANT,False,True,https://www.veloplus-m.fr/,2021-05-18,SMMAG,SMMAG,Mvélo+,2021-06-14,minibox,MAIRIE,CROLLES,Avenue de la Résistance,stationnementcyclable,81,LeGresivaudan,5.8831,45.28441
96,"45.27167702325004,5.888653887769594",38140.0,5.888653887769594,45.27167702325004,5,0,RATELIER AVEC ARCEAUX,CONSIGNE COLLECTIVE FERMEE,True,PAYANT,False,True,https://www.veloplus-m.fr/,2021-05-18,SMMAG,SMMAG,Mvélo+,2021-06-14,minibox,AMBROISE CROISAT,CROLLES,Avenue Amrboise Croizat,stationnementcyclable,82,LeGresivaudan,5.88865,45.27168
97,"45.27731303898745,5.873068576578054",38140.0,5.873068576578054,45.27731303898745,5,0,RATELIER AVEC ARCEAUX,CONSIGNE COLLECTIVE FERMEE,True,PAYANT,False,True,https://www.veloplus-m.fr/,2021-05-18,SMMAG,SMMAG,Mvélo+,2021-06-14,minibox,CROIX DES AYES,CROLLES,Avenue Joliot-Curie,stationnementcyclable,83,LeGresivaudan,5.87307,45.27731
98,"45.24583495647245,5.830686835096775",38397.0,5.830686835096775,45.24583495647245,5,0,RATELIER AVEC ARCEAUX,CONSIGNE COLLECTIVE FERMEE,True,PAYANT,False,True,https://www.veloplus-m.fr/,2021-05-18,SMMAG,SMMAG,Mvélo+,2021-06-14,minibox,PINS,SAINT ISMIER,Carrefour des Pins,stationnementcyclable,84,LeGresivaudan,5.83069,45.24583
99,"45.14361589392651,5.829559033367688",38422.0,5.829559033367688,45.14361589392651,5,0,RATELIER AVEC ARCEAUX,CONSIGNE COLLECTIVE FERMEE,True,PAYANT,False,True,https://www.veloplus-m.fr/,2021-05-18,SMMAG,SMMAG,Mvélo+,2021-06-14,minibox,OFFICE DE TOURISME,SAINT MARTIN D'URIAGE,Route de Gières,stationnementcyclable,85,LeGresivaudan,5.82956,45.14362
100,"45.18931832130059,5.729710973418712",38185.0,5.729710973418712,45.18931832130059,5,0,RATELIER AVEC ARCEAUX,CONSIGNE COLLECTIVE FERMEE,True,PAYANT,False,True,https://www.veloplus-m.fr/,2021-06-04,SMMAG,SMMAG,Mvélo+,2021-08-04,minibox,ACHARD,GRENOBLE,Place Jean Achard,stationnementcyclable,86,LaMetro,5.72971,45.18932
101,"45.185619181846974,5.709283758905001",38185.0,5.709283758905001,45.185619181846974,5,0,RATELIER AVEC ARCEAUX,CONSIGNE COLLECTIVE FERMEE,True,PAYANT,False,True,https://www.veloplus-m.fr/,2021-06-04,SMMAG,SMMAG,Mvélo+,2021-08-04,minibox,MOZART,GRENOBLE,6 rue Mozart,stationnementcyclable,87,LaMetro,5.70928,45.18562
102,"45.132142106650114,5.6984381724744315",,5.698438172474432,45.132142106650114,5,0,RATELIER AVEC ARCEAUX,CONSIGNE COLLECTIVE FERMEE,True,PAYANT,False,True,https://www.veloplus-m.fr/,2021-06-04,SMMAG,SMMAG,Mvélo+,2021-08-04,minibox,STENDHAL,LE PONT-DE-CLAIX,2 ure Stendhal,stationnementcyclable,88,LaMetro,5.69844,45.13214
103,"45.18529397136584,5.716509118828172",38185.0,5.716509118828172,45.18529397136584,5,0,RATELIER AVEC ARCEAUX,CONSIGNE COLLECTIVE FERMEE,True,PAYANT,False,True,https://www.veloplus-m.fr/,2021-06-04,SMMAG,SMMAG,Mvélo+,2021-08-04,minibox,CLEMENT,GRENOBLE,3 bis rue Clément,stationnementcyclable,89,LaMetro,5.71651,45.18529
104,"45.18651582891086,5.722760374995654",38185.0,5.722760374995654,45.18651582891086,5,0,RATELIER AVEC ARCEAUX,CONSIGNE COLLECTIVE FERMEE,True,PAYANT,False,True,https://www.veloplus-m.fr/,2021-06-04,SMMAG,SMMAG,Mvélo+,2021-08-04,minibox,CHANARON,GRENOBLE,11 rue du Lieutenant Chanaron,stationnementcyclable,90,LaMetro,5.72276,45.18652
105,"45.206699214066155,5.662494412449805",38474.0,5.662494412449805,45.20669921406616,5,0,RATELIER AVEC ARCEAUX,CONSIGNE COLLECTIVE FERMEE,True,PAYANT,False,True,https://www.veloplus-m.fr/,2021-06-04,SMMAG,SMMAG,Mvélo+,2021-08-04,minibox,REPUBLIQUE,SASSENAGE,2-4 rue de la République,stationnementcyclable,91,LaMetro,5.66249,45.2067
107,"45.19276882678275,5.717493363425998",38185.0,5.717493363425998,45.19276882678275,5,0,RATELIER AVEC ARCEAUX,CONSIGNE COLLECTIVE FERMEE,True,PAYANT,False,True,https://www.veloplus-m.fr/,2022-03-01,SMMAG,SMMAG,Mvélo+,2022-03-01,minibox,ARSONVAL,GRENOBLE,5-7 rue d'Arsonval,stationnementcyclable,92,LaMetro,5.71749,45.19277
108,"45.19824427880338,5.692664613601757",31169.0,5.692664613601757,45.19824427880338,5,0,RATELIER AVEC ARCEAUX,CONSIGNE COLLECTIVE FERMEE,True,PAYANT,False,True,https://www.veloplus-m.fr/,2022-03-01,SMMAG,SMMAG,Mvélo+,2022-03-01,minibox,JOLIOT CURIE,FONTAINE,123 boulevard Joliot Curie,stationnementcyclable,93,LaMetro,5.69266,45.19824
110,"45.156195905340354,5.708108087429289",38151.0,5.708108087429289,45.156195905340354,5,0,RATELIER AVEC ARCEAUX,CONSIGNE COLLECTIVE FERMEE,True,PAYANT,False,True,https://www.veloplus-m.fr/,2022-03-01,SMMAG,SMMAG,Mvélo+,2022-03-01,minibox,NAVIS,ECHIROLLES,20 cours Jean Jaurès,stationnementcyclable,94,LaMetro,5.70811,45.1562
38,"45.19206423812199,5.712925395829962",38185.0,5.712925395829962,45.19206423812199,70,1,DIVERS : RACK VERTICAL ET ARCE,CONSIGNE COLLECTIVE FERMEE,True,PAYANT,True,True,https://www.veloplus-m.fr/,2020-04-01,SMMAG,SMMAG,Mvélo+,2021-05-18,Park,Park gare Europole,GRENOBLE,2 Avenue Doyen Louis Weil,stationnementcyclable,95,LaMetro,5.71293,45.19206
39,"45.18142079982441,5.714075929740791",38185.0,5.714075929740791,45.18142079982441,40,1,DIVERS : RACK VERTICAL ET ARCE,CONSIGNE COLLECTIVE FERMEE,True,PAYANT,True,True,https://www.veloplus-m.fr/,2020-04-01,SMMAG,SMMAG,Mvélo+,2021-05-18,Park,Park Irvoy,GRENOBLE,18 Rue Irvoy,stationnementcyclable,96,LaMetro,5.71408,45.18142
40,"45.185827793529725,5.712676137872966",38185.0,5.712676137872966,45.185827793529725,60,1,DIVERS : RACK VERTICAL ET ARCE,CONSIGNE COLLECTIVE FERMEE,True,PAYANT,True,True,https://www.veloplus-m.fr/,2020-04-01,SMMAG,SMMAG,Mvélo+,2021-05-18,Park,Park Saint-Bruno,GRENOBLE,33 bis Rue Nicolas Chorier,stationnementcyclable,97,LaMetro,5.71268,45.18583
41,"45.19485137766205,5.733306765873736",38185.0,5.733306765873736,45.19485137766205,91,1,DIVERS : RACK VERTICAL ET ARCE,CONSIGNE COLLECTIVE FERMEE,True,PAYANT,True,True,https://www.veloplus-m.fr/,2020-04-01,SMMAG,SMMAG,Mvélo+,2021-05-18,Park,Park Notre Dame Musée,GRENOBLE,50 Avenue Maréchal Randon,stationnementcyclable,98,LaMetro,5.73331,45.19485
42,"45.186176875436374,5.726688260365962",38185.0,5.726688260365962,45.18617687543637,109,1,DIVERS : RACK VERTICAL ET ARCE,CONSIGNE COLLECTIVE FERMEE,True,PAYANT,True,True,https://www.veloplus-m.fr/,2020-04-01,SMMAG,SMMAG,Mvélo+,2021-05-18,Park,Park Victor Hugo,GRENOBLE,Rue François Raoult,stationnementcyclable,99,LaMetro,5.72669,45.18618
43,"45.18845436098084,5.741103479081844",38185.0,5.741103479081844,45.18845436098084,116,1,DIVERS : RACK VERTICAL ET ARCE,CONSIGNE COLLECTIVE FERMEE,True,PAYANT,True,True,https://www.veloplus-m.fr/,2020-04-01,SMMAG,SMMAG,Mvélo+,2021-05-18,Park,Park Mistral Mairie,GRENOBLE,419 Avenue de Valmy,stationnementcyclable,100,LaMetro,5.7411,45.18845
44,"45.16532492335449,5.730768203729038",38185.0,5.730768203729038,45.16532492335449,58,1,DIVERS : RACK VERTICAL ET ARCE,CONSIGNE COLLECTIVE FERMEE,True,PAYANT,True,True,https://www.veloplus-m.fr/,2020-04-01,SMMAG,SMMAG,Mvélo+,2021-05-18,Park,Park Arlequins,GRENOBLE,40 Rue des Trembles,stationnementcyclable,101,LaMetro,5.73077,45.16532
45,"45.16200017928209,5.738740479664096",38185.0,5.738740479664096,45.16200017928209,52,1,DIVERS : RACK VERTICAL ET ARCE,CONSIGNE COLLECTIVE FERMEE,True,PAYANT,True,True,https://www.veloplus-m.fr/,2020-04-01,SMMAG,SMMAG,Mvélo+,2021-05-18,Park,Park Géants,GRENOBLE,10 Place des Géants,stationnementcyclable,102,LaMetro,5.73874,45.162
84,"45.188842653736465,5.710743709185331",38185.0,5.710743709185331,45.18884265373647,40,1,DIVERS : RACK VERTICAL ET ARCE,CONSIGNE COLLECTIVE FERMEE,True,PAYANT,True,True,https://www.veloplus-m.fr/,2020-04-01,SMMAG,SMMAG,Mvélo+,2021-05-18,Park,Park Le Cèdre,GRENOBLE,Rue Anthoard,stationnementcyclable,103,LaMetro,5.71074,45.18884
85,"45.18919661283872,5.71679688634598",38185.0,5.71679688634598,45.18919661283872,244,1,DIVERS : RACK VERTICAL ET ARCE,CONSIGNE COLLECTIVE FERMEE,True,PAYANT,True,True,https://www.veloplus-m.fr/,2020-04-01,SMMAG,SMMAG,Mvélo+,2021-05-18,Park,Park Estacade,GRENOBLE,22 Rue Colonel Denfert Rochereau,stationnementcyclable,104,LaMetro,5.7168,45.1892
86,"45.20277015862671,5.704257973161902",38185.0,5.704257973161902,45.20277015862671,37,1,DIVERS : RACK VERTICAL ET ARCE,CONSIGNE COLLECTIVE FERMEE,True,PAYANT,True,True,https://www.veloplus-m.fr/,2020-04-01,SMMAG,SMMAG,Mvélo+,2021-05-18,Park,Park Presqu'île,GRENOBLE,84 rue des Martyrs,stationnementcyclable,105,LaMetro,5.70426,45.20277
87,"45.19327038782056,5.712308044578671",38185.0,5.712308044578671,45.19327038782056,62,1,DIVERS : RACK VERTICAL ET ARCE,CONSIGNE COLLECTIVE FERMEE,True,PAYANT,True,True,https://www.veloplus-m.fr/,2020-04-01,SMMAG,SMMAG,Mvélo+,2021-05-18,Park,Park Gare Palais de justice,GRENOBLE,34 Avenue Doyen Louis Weil,stationnementcyclable,106,LaMetro,5.71231,45.19327
88,"45.19181838700726,5.725317638061845",38185.0,5.725317638061845,45.19181838700726,52,1,DIVERS : RACK VERTICAL ET ARCE,CONSIGNE COLLECTIVE FERMEE,True,PAYANT,True,True,https://www.veloplus-m.fr/,2020-04-01,SMMAG,SMMAG,Mvélo+,2021-05-18,Park,Park Grenette Téléphérique,GRENOBLE,7 Rue de Belgrade,stationnementcyclable,107,LaMetro,5.72532,45.19182
